entity_id,entity_name,token,notes,source
bbva,BBVA,bbva,,manual
santander,Santander,santander,,manual
caixabank,CaixaBank,caixa,,manual
sabadell,Sabadell,sabadell,,manual
dgt,DGT,dgt,,manual
sepe,SEPE,sepe,,manual
aeat,AEAT,aeat,,manual
iberdrola,Iberdrola,iberdrola,,manual
gasnatural,Gas Natural,gasnatural,,manual
correos,Correos,correos,,manual
seur,SEUR,seur,,manual
telefonica,Telefónica,telefonica,,manual
